{
  "sampleId": 1,
  "timestamp": "2025-09-13T13:16:34.322Z",
  "features": [
    94.09999999403954,
    90,
    209.09999999403954,
    252.40000000596046,
    136.09999999403954,
    1967.4000000059605,
    140.39999997615814,
    146.60000002384186,
    104.69999998807907,
    155.09999999403954,
    1967.4000000059605,
    46.29999998211861,
    56.60000002384186,
    -104.40000000596046,
    -97.30000001192093,
    2.3864449924542392,
    373.7199999988079,
    0,
    64.33601169096421,
    0,
    0,
    0,
    0,
    0,
    0,
    0,
    0,
    0,
    0,
    0,
    0,
    0,
    0,
    0
  ],
  "detailedFeatures": {
    "holdTimes": [
      94.09999999403954,
      90,
      209.09999999403954,
      252.40000000596046,
      136.09999999403954
    ],
    "ddTimes": [
      1967.4000000059605,
      140.39999997615814,
      146.60000002384186,
      104.69999998807907,
      155.09999999403954
    ],
    "udTimes": [
      1967.4000000059605,
      46.29999998211861,
      56.60000002384186,
      -104.40000000596046,
      -97.30000001192093
    ],
    "typingSpeed": 2.3864449924542392,
    "flightTime": 373.7199999988079,
    "errorRate": 0,
    "pressPressure": 64.33601169096421
  },
  "privacyMode": false
}