{
  "sampleId": 3,
  "timestamp": "2025-09-13T13:16:37.750Z",
  "features": [
    147.59999999403954,
    102.89999997615814,
    170.59999999403954,
    180.80000001192093,
    90.09999999403954,
    194.80000001192093,
    134.59999999403954,
    85.09999999403954,
    115.80000001192093,
    47.20000001788139,
    31.700000017881393,
    -85.5,
    -65,
    7.225433526322738,
    -17.899999991059303,
    0,
    36.08983237086568,
    0,
    0,
    0,
    0,
    0,
    0,
    0,
    0,
    0,
    0,
    0,
    0,
    0,
    0,
    0,
    0,
    0
  ],
  "detailedFeatures": {
    "holdTimes": [
      147.59999999403954,
      102.89999997615814,
      170.59999999403954,
      180.80000001192093,
      90.09999999403954
    ],
    "ddTimes": [
      194.80000001192093,
      134.59999999403954,
      85.09999999403954,
      115.80000001192093
    ],
    "udTimes": [
      47.20000001788139,
      31.700000017881393,
      -85.5,
      -65
    ],
    "typingSpeed": 7.225433526322738,
    "flightTime": -17.899999991059303,
    "errorRate": 0,
    "pressPressure": 36.08983237086568
  },
  "privacyMode": false
}