{
  "sampleId": 2,
  "timestamp": "2025-09-13T13:16:36.557Z",
  "features": [
    103.19999998807907,
    95.90000000596046,
    186.2000000178814,
    230.2000000178814,
    130.2999999821186,
    151.39999997615814,
    138.5,
    92.5,
    139.7000000178814,
    48.19999998807907,
    42.599999994039536,
    -93.7000000178814,
    -90.5,
    6.704210243926092,
    -23.350000008940697,
    0,
    51.46667272198237,
    0,
    0,
    0,
    0,
    0,
    0,
    0,
    0,
    0,
    0,
    0,
    0,
    0,
    0,
    0,
    0,
    0
  ],
  "detailedFeatures": {
    "holdTimes": [
      103.19999998807907,
      95.90000000596046,
      186.2000000178814,
      230.2000000178814,
      130.2999999821186
    ],
    "ddTimes": [
      151.39999997615814,
      138.5,
      92.5,
      139.7000000178814
    ],
    "udTimes": [
      48.19999998807907,
      42.599999994039536,
      -93.7000000178814,
      -90.5
    ],
    "typingSpeed": 6.704210243926092,
    "flightTime": -23.350000008940697,
    "errorRate": 0,
    "pressPressure": 51.46667272198237
  },
  "privacyMode": false
}