{
  "sampleId": 9,
  "timestamp": "2025-09-13T13:16:57.659Z",
  "features": [
    167.40000000596046,
    86.69999998807907,
    82.59999999403954,
    165.39999997615814,
    128.40000000596046,
    210.40000000596046,
    122.5,
    124.40000000596046,
    75.59999999403954,
    43,
    35.80000001192093,
    41.80000001192093,
    -89.7999999821186,
    7.93021411615597,
    7.700000010430813,
    0,
    36.60622897842309,
    0,
    0,
    0,
    0,
    0,
    0,
    0,
    0,
    0,
    0,
    0,
    0,
    0,
    0,
    0,
    0,
    0
  ],
  "detailedFeatures": {
    "holdTimes": [
      167.40000000596046,
      86.69999998807907,
      82.59999999403954,
      165.39999997615814,
      128.40000000596046
    ],
    "ddTimes": [
      210.40000000596046,
      122.5,
      124.40000000596046,
      75.59999999403954
    ],
    "udTimes": [
      43,
      35.80000001192093,
      41.80000001192093,
      -89.7999999821186
    ],
    "typingSpeed": 7.93021411615597,
    "flightTime": 7.700000010430813,
    "errorRate": 0,
    "pressPressure": 36.60622897842309
  },
  "privacyMode": false
}