{
  "sampleId": 6,
  "timestamp": "2025-09-13T13:16:49.533Z",
  "features": [
    147.5,
    89.69999998807907,
    185.90000000596046,
    217.59999999403954,
    135.7999999821186,
    189.7000000178814,
    125.7999999821186,
    91.7000000178814,
    140,
    42.20000001788139,
    36.099999994039536,
    -94.19999998807907,
    -77.59999999403954,
    6.439150032442886,
    -23.37499999254942,
    0,
    43.73122454696073,
    0,
    0,
    0,
    0,
    0,
    0,
    0,
    0,
    0,
    0,
    0,
    0,
    0,
    0,
    0,
    0,
    0
  ],
  "detailedFeatures": {
    "holdTimes": [
      147.5,
      89.69999998807907,
      185.90000000596046,
      217.59999999403954,
      135.7999999821186
    ],
    "ddTimes": [
      189.7000000178814,
      125.7999999821186,
      91.7000000178814,
      140
    ],
    "udTimes": [
      42.20000001788139,
      36.099999994039536,
      -94.19999998807907,
      -77.59999999403954
    ],
    "typingSpeed": 6.439150032442886,
    "flightTime": -23.37499999254942,
    "errorRate": 0,
    "pressPressure": 43.73122454696073
  },
  "privacyMode": false
}