{
  "sampleId": 7,
  "timestamp": "2025-09-13T13:16:52.368Z",
  "features": [
    130.2999999821186,
    114.2000000178814,
    224,
    200.19999998807907,
    116.2999999821186,
    173.39999997615814,
    153.60000002384186,
    142.5,
    121.59999999403954,
    43.099999994039536,
    39.400000005960464,
    -81.5,
    -78.59999999403954,
    6.369426751834171,
    -19.399999998509884,
    0,
    45.94879759003449,
    0,
    0,
    0,
    0,
    0,
    0,
    0,
    0,
    0,
    0,
    0,
    0,
    0,
    0,
    0,
    0,
    0
  ],
  "detailedFeatures": {
    "holdTimes": [
      130.2999999821186,
      114.2000000178814,
      224,
      200.19999998807907,
      116.2999999821186
    ],
    "ddTimes": [
      173.39999997615814,
      153.60000002384186,
      142.5,
      121.59999999403954
    ],
    "udTimes": [
      43.099999994039536,
      39.400000005960464,
      -81.5,
      -78.59999999403954
    ],
    "typingSpeed": 6.369426751834171,
    "flightTime": -19.399999998509884,
    "errorRate": 0,
    "pressPressure": 45.94879759003449
  },
  "privacyMode": false
}