{
  "sampleId": 4,
  "timestamp": "2025-09-13T13:16:39.325Z",
  "features": [
    135.90000000596046,
    72.69999998807907,
    138.59999999403954,
    153.80000001192093,
    103.39999997615814,
    173.40000000596046,
    112,
    180.69999998807907,
    82.7000000178814,
    37.5,
    39.30000001192093,
    42.099999994039536,
    -71.09999999403954,
    8.272667108201913,
    11.950000002980232,
    0,
    29.1554043111561,
    0,
    0,
    0,
    0,
    0,
    0,
    0,
    0,
    0,
    0,
    0,
    0,
    0,
    0,
    0,
    0,
    0
  ],
  "detailedFeatures": {
    "holdTimes": [
      135.90000000596046,
      72.69999998807907,
      138.59999999403954,
      153.80000001192093,
      103.39999997615814
    ],
    "ddTimes": [
      173.40000000596046,
      112,
      180.69999998807907,
      82.7000000178814
    ],
    "udTimes": [
      37.5,
      39.30000001192093,
      42.099999994039536,
      -71.09999999403954
    ],
    "typingSpeed": 8.272667108201913,
    "flightTime": 11.950000002980232,
    "errorRate": 0,
    "pressPressure": 29.1554043111561
  },
  "privacyMode": false
}