{
  "sampleId": 0,
  "timestamp": "2025-09-13T13:16:30.026Z",
  "features": [
    97.40000000596046,
    91,
    132,
    123.59999999403954,
    107.39999997615814,
    137.40000000596046,
    123.5,
    104.5,
    92.7000000178814,
    40,
    32.5,
    -27.5,
    -30.899999976158142,
    9.067827348959364,
    3.5250000059604645,
    0,
    15.460194046809377,
    0,
    0,
    0,
    0,
    0,
    0,
    0,
    0,
    0,
    0,
    0,
    0,
    0,
    0,
    0,
    0,
    0
  ],
  "detailedFeatures": {
    "holdTimes": [
      97.40000000596046,
      91,
      132,
      123.59999999403954,
      107.39999997615814
    ],
    "ddTimes": [
      137.40000000596046,
      123.5,
      104.5,
      92.7000000178814
    ],
    "udTimes": [
      40,
      32.5,
      -27.5,
      -30.899999976158142
    ],
    "typingSpeed": 9.067827348959364,
    "flightTime": 3.5250000059604645,
    "errorRate": 0,
    "pressPressure": 15.460194046809377
  },
  "privacyMode": false
}