{
  "sampleId": 5,
  "timestamp": "2025-09-13T13:16:42.165Z",
  "features": [
    97.80000001192093,
    90.90000000596046,
    175.40000000596046,
    216.40000000596046,
    126.59999999403954,
    205.5,
    126.59999999403954,
    87.2000000178814,
    131,
    107.69999998807907,
    35.69999998807907,
    -88.19999998807907,
    -85.40000000596046,
    7.071135624142852,
    -7.550000004470348,
    0,
    47.85655232010209,
    0,
    0,
    0,
    0,
    0,
    0,
    0,
    0,
    0,
    0,
    0,
    0,
    0,
    0,
    0,
    0,
    0
  ],
  "detailedFeatures": {
    "holdTimes": [
      97.80000001192093,
      90.90000000596046,
      175.40000000596046,
      216.40000000596046,
      126.59999999403954
    ],
    "ddTimes": [
      205.5,
      126.59999999403954,
      87.2000000178814,
      131
    ],
    "udTimes": [
      107.69999998807907,
      35.69999998807907,
      -88.19999998807907,
      -85.40000000596046
    ],
    "typingSpeed": 7.071135624142852,
    "flightTime": -7.550000004470348,
    "errorRate": 0,
    "pressPressure": 47.85655232010209
  },
  "privacyMode": false
}