{
  "sampleId": 8,
  "timestamp": "2025-09-13T13:16:54.688Z",
  "features": [
    120.5,
    89.40000000596046,
    87,
    159.7000000178814,
    105.5,
    182.59999999403954,
    131.09999999403954,
    137.5,
    86.09999999403954,
    62.099999994039536,
    41.69999998807907,
    50.5,
    -73.60000002384186,
    8.895214374289132,
    20.174999989569187,
    0,
    26.55058568625726,
    0,
    0,
    0,
    0,
    0,
    0,
    0,
    0,
    0,
    0,
    0,
    0,
    0,
    0,
    0,
    0,
    0
  ],
  "detailedFeatures": {
    "holdTimes": [
      120.5,
      89.40000000596046,
      87,
      159.7000000178814,
      105.5
    ],
    "ddTimes": [
      182.59999999403954,
      131.09999999403954,
      137.5,
      86.09999999403954
    ],
    "udTimes": [
      62.099999994039536,
      41.69999998807907,
      50.5,
      -73.60000002384186
    ],
    "typingSpeed": 8.895214374289132,
    "flightTime": 20.174999989569187,
    "errorRate": 0,
    "pressPressure": 26.55058568625726
  },
  "privacyMode": false
}