{
  "sampleId": 2,
  "timestamp": "2025-09-13T12:55:15.151Z",
  "features": [
    133.09999999403954,
    86.40000000596046,
    176.30000001192093,
    204.69999998807907,
    112.80000001192093,
    186.09999999403954,
    124,
    87.10000002384186,
    131.2999999821186,
    53,
    37.599999994039536,
    -89.19999998807907,
    -73.40000000596046,
    7.009673349104778,
    -18,
    0,
    42.72894100736471,
    0,
    0,
    0,
    0,
    0,
    0,
    0,
    0,
    0,
    0,
    0,
    0,
    0,
    0,
    0,
    0,
    0
  ],
  "detailedFeatures": {
    "holdTimes": [
      133.09999999403954,
      86.40000000596046,
      176.30000001192093,
      204.69999998807907,
      112.80000001192093
    ],
    "ddTimes": [
      186.09999999403954,
      124,
      87.10000002384186,
      131.2999999821186
    ],
    "udTimes": [
      53,
      37.599999994039536,
      -89.19999998807907,
      -73.40000000596046
    ],
    "typingSpeed": 7.009673349104778,
    "flightTime": -18,
    "errorRate": 0,
    "pressPressure": 42.72894100736471
  },
  "privacyMode": false
}