{
  "sampleId": 0,
  "timestamp": "2025-09-13T13:06:39.581Z",
  "features": [
    95.19999998807907,
    91,
    139,
    148.59999999403954,
    124.60000002384186,
    137216.5,
    112.60000002384186,
    89.5,
    144.30000001192093,
    168.30000001192093,
    132,
    140.90000000596046,
    130.69999998807907,
    104,
    94.19999998807907,
    2036.1000000238419,
    3110.0999999940395,
    3252.7999999821186,
    1664.5,
    213.30000001192093,
    197.09999999403954,
    45.70000001788139,
    39.69999998807907,
    -35,
    -54.400000005960464,
    1911.5,
    3110.0999999940395,
    -133963.70000001788,
    1664.5,
    100.69999998807907,
    107.59999999403954,
    0.06209216086469083,
    11341.561538460162,
    2,
    27394.766760003375
  ],
  "detailedFeatures": {
    "holdTimes": [
      95.19999998807907,
      91,
      139,
      148.59999999403954,
      124.60000002384186,
      137216.5,
      112.60000002384186,
      89.5,
      144.30000001192093,
      168.30000001192093,
      132,
      118.80000001192093,
      84.69999998807907,
      111.7000000178814,
      94.09999999403954,
      41.5,
      94.7000000178814,
      83.40000000596046,
      279.5,
      107.19999998807907,
      108.59999999403954,
      185.69999998807907,
      185.39999997615814,
      107.09999999403954
    ],
    "ddTimes": [
      140.90000000596046,
      130.69999998807907,
      104,
      94.19999998807907,
      2036.1000000238419,
      3110.0999999940395,
      3252.7999999821186,
      1664.5,
      213.30000001192093,
      197.09999999403954,
      239,
      256.30000001192093,
      29365.79999998212,
      182.80000001192093,
      156.69999998807907,
      217.2000000178814,
      217.7999999821186,
      388.5,
      164,
      100421.20000001788,
      595.0999999940395,
      291110.8000000119,
      191.19999998807907,
      163.90000000596046,
      113.90000000596046,
      109.59999999403954
    ],
    "udTimes": [
      45.70000001788139,
      39.69999998807907,
      -35,
      -54.400000005960464,
      1911.5,
      3110.0999999940395,
      -133963.70000001788,
      1664.5,
      100.69999998807907,
      107.59999999403954,
      94.69999998807907,
      88,
      29233.79999998212,
      64,
      72,
      105.5,
      123.69999998807907,
      347,
      69.2999999821186,
      100337.80000001192,
      315.59999999403954,
      291110.8000000119,
      84,
      55.30000001192093,
      -71.7999999821186,
      -75.7999999821186
    ],
    "typingSpeed": 0.06209216086469083,
    "flightTime": 11341.561538460162,
    "errorRate": 2,
    "pressPressure": 27394.766760003375
  },
  "privacyMode": false
}