{
  "sampleId": 9,
  "timestamp": "2025-09-13T12:55:28.901Z",
  "features": [
    96.5,
    111.69999998807907,
    90.90000000596046,
    143.59999999403954,
    96.09999999403954,
    127.80000001192093,
    146.89999997615814,
    155.40000000596046,
    73.90000000596046,
    31.30000001192093,
    35.19999998807907,
    64.5,
    -69.69999998807907,
    9.279881217828391,
    15.325000002980232,
    0,
    19.21994796775906,
    0,
    0,
    0,
    0,
    0,
    0,
    0,
    0,
    0,
    0,
    0,
    0,
    0,
    0,
    0,
    0,
    0
  ],
  "detailedFeatures": {
    "holdTimes": [
      96.5,
      111.69999998807907,
      90.90000000596046,
      143.59999999403954,
      96.09999999403954
    ],
    "ddTimes": [
      127.80000001192093,
      146.89999997615814,
      155.40000000596046,
      73.90000000596046
    ],
    "udTimes": [
      31.30000001192093,
      35.19999998807907,
      64.5,
      -69.69999998807907
    ],
    "typingSpeed": 9.279881217828391,
    "flightTime": 15.325000002980232,
    "errorRate": 0,
    "pressPressure": 19.21994796775906
  },
  "privacyMode": false
}