{
  "sampleId": 4,
  "timestamp": "2025-09-13T12:55:18.301Z",
  "features": [
    78.90000000596046,
    80.60000002384186,
    223.7000000178814,
    218.69999998807907,
    102.60000002384186,
    181.19999998807907,
    119.90000000596046,
    125.7000000178814,
    147.89999997615814,
    102.2999999821186,
    39.29999998211861,
    -98,
    -70.80000001192093,
    7.097232078888533,
    -6.800000011920929,
    0,
    66.11453697284063,
    0,
    0,
    0,
    0,
    0,
    0,
    0,
    0,
    0,
    0,
    0,
    0,
    0,
    0,
    0,
    0,
    0
  ],
  "detailedFeatures": {
    "holdTimes": [
      78.90000000596046,
      80.60000002384186,
      223.7000000178814,
      218.69999998807907,
      102.60000002384186
    ],
    "ddTimes": [
      181.19999998807907,
      119.90000000596046,
      125.7000000178814,
      147.89999997615814
    ],
    "udTimes": [
      102.2999999821186,
      39.29999998211861,
      -98,
      -70.80000001192093
    ],
    "typingSpeed": 7.097232078888533,
    "flightTime": -6.800000011920929,
    "errorRate": 0,
    "pressPressure": 66.11453697284063
  },
  "privacyMode": false
}