{
  "sampleId": 1,
  "timestamp": "2025-09-13T12:55:13.451Z",
  "features": [
    138.60000002384186,
    97.90000000596046,
    170.7999999821186,
    230.2999999821186,
    125.90000000596046,
    172.80000001192093,
    133.80000001192093,
    76.5,
    140.19999998807907,
    34.19999998807907,
    35.900000005960464,
    -94.2999999821186,
    -90.09999999403954,
    6.5487884741322855,
    -28.57499999552965,
    0,
    45.31988524904363,
    0,
    0,
    0,
    0,
    0,
    0,
    0,
    0,
    0,
    0,
    0,
    0,
    0,
    0,
    0,
    0,
    0
  ],
  "detailedFeatures": {
    "holdTimes": [
      138.60000002384186,
      97.90000000596046,
      170.7999999821186,
      230.2999999821186,
      125.90000000596046
    ],
    "ddTimes": [
      172.80000001192093,
      133.80000001192093,
      76.5,
      140.19999998807907
    ],
    "udTimes": [
      34.19999998807907,
      35.900000005960464,
      -94.2999999821186,
      -90.09999999403954
    ],
    "typingSpeed": 6.5487884741322855,
    "flightTime": -28.57499999552965,
    "errorRate": 0,
    "pressPressure": 45.31988524904363
  },
  "privacyMode": false
}