{
  "sampleId": 3,
  "timestamp": "2025-09-13T12:55:16.631Z",
  "features": [
    94.40000000596046,
    70.59999999403954,
    174,
    204.2000000178814,
    108.80000001192093,
    133.09999999403954,
    129,
    92,
    130,
    38.69999998807907,
    58.400000005960464,
    -82,
    -74.2000000178814,
    7.6687116560911885,
    -14.775000005960464,
    0,
    50.3706263657859,
    0,
    0,
    0,
    0,
    0,
    0,
    0,
    0,
    0,
    0,
    0,
    0,
    0,
    0,
    0,
    0,
    0
  ],
  "detailedFeatures": {
    "holdTimes": [
      94.40000000596046,
      70.59999999403954,
      174,
      204.2000000178814,
      108.80000001192093
    ],
    "ddTimes": [
      133.09999999403954,
      129,
      92,
      130
    ],
    "udTimes": [
      38.69999998807907,
      58.400000005960464,
      -82,
      -74.2000000178814
    ],
    "typingSpeed": 7.6687116560911885,
    "flightTime": -14.775000005960464,
    "errorRate": 0,
    "pressPressure": 50.3706263657859
  },
  "privacyMode": false
}