{
  "sampleId": 7,
  "timestamp": "2025-09-13T12:55:24.756Z",
  "features": [
    76.90000000596046,
    104.80000001192093,
    179.09999999403954,
    148,
    92.5,
    144.09999999403954,
    142.2000000178814,
    120.2999999821186,
    85,
    67.19999998807907,
    37.400000005960464,
    -58.80000001192093,
    -63,
    8.315316813405744,
    -4.300000004470348,
    0,
    37.73956014161555,
    0,
    0,
    0,
    0,
    0,
    0,
    0,
    0,
    0,
    0,
    0,
    0,
    0,
    0,
    0,
    0,
    0
  ],
  "detailedFeatures": {
    "holdTimes": [
      76.90000000596046,
      104.80000001192093,
      179.09999999403954,
      148,
      92.5
    ],
    "ddTimes": [
      144.09999999403954,
      142.2000000178814,
      120.2999999821186,
      85
    ],
    "udTimes": [
      67.19999998807907,
      37.400000005960464,
      -58.80000001192093,
      -63
    ],
    "typingSpeed": 8.315316813405744,
    "flightTime": -4.300000004470348,
    "errorRate": 0,
    "pressPressure": 37.73956014161555
  },
  "privacyMode": false
}