{
  "sampleId": 5,
  "timestamp": "2025-09-13T12:55:20.438Z",
  "features": [
    111.7000000178814,
    61.69999998807907,
    158.5,
    196.09999999403954,
    105.90000000596046,
    141.2000000178814,
    148.40000000596046,
    78.2999999821186,
    119.90000000596046,
    29.5,
    86.7000000178814,
    -80.2000000178814,
    -76.19999998807907,
    7.8876794446332,
    -10.049999997019768,
    0,
    46.28219528055483,
    0,
    0,
    0,
    0,
    0,
    0,
    0,
    0,
    0,
    0,
    0,
    0,
    0,
    0,
    0,
    0,
    0
  ],
  "detailedFeatures": {
    "holdTimes": [
      111.7000000178814,
      61.69999998807907,
      158.5,
      196.09999999403954,
      105.90000000596046
    ],
    "ddTimes": [
      141.2000000178814,
      148.40000000596046,
      78.2999999821186,
      119.90000000596046
    ],
    "udTimes": [
      29.5,
      86.7000000178814,
      -80.2000000178814,
      -76.19999998807907
    ],
    "typingSpeed": 7.8876794446332,
    "flightTime": -10.049999997019768,
    "errorRate": 0,
    "pressPressure": 46.28219528055483
  },
  "privacyMode": false
}