{
  "sampleId": 6,
  "timestamp": "2025-09-13T12:55:22.708Z",
  "features": [
    100.59999999403954,
    109.69999998807907,
    200,
    203.60000002384186,
    114.2999999821186,
    133,
    147.90000000596046,
    115.39999997615814,
    125.10000002384186,
    32.400000005960464,
    38.20000001788139,
    -84.60000002384186,
    -78.5,
    6.866245537052804,
    -23.125,
    0,
    46.08004341421208,
    0,
    0,
    0,
    0,
    0,
    0,
    0,
    0,
    0,
    0,
    0,
    0,
    0,
    0,
    0,
    0,
    0
  ],
  "detailedFeatures": {
    "holdTimes": [
      100.59999999403954,
      109.69999998807907,
      200,
      203.60000002384186,
      114.2999999821186
    ],
    "ddTimes": [
      133,
      147.90000000596046,
      115.39999997615814,
      125.10000002384186
    ],
    "udTimes": [
      32.400000005960464,
      38.20000001788139,
      -84.60000002384186,
      -78.5
    ],
    "typingSpeed": 6.866245537052804,
    "flightTime": -23.125,
    "errorRate": 0,
    "pressPressure": 46.08004341421208
  },
  "privacyMode": false
}