{
  "sampleId": 8,
  "timestamp": "2025-09-13T12:55:26.811Z",
  "features": [
    136.90000000596046,
    79.89999997615814,
    152.89999997615814,
    186,
    103.19999998807907,
    172.80000001192093,
    132,
    74.89999997615814,
    110.10000002384186,
    35.900000005960464,
    52.10000002384186,
    -78,
    -75.89999997615814,
    7.588404917904194,
    -16.474999986588955,
    0,
    37.203300934753585,
    0,
    0,
    0,
    0,
    0,
    0,
    0,
    0,
    0,
    0,
    0,
    0,
    0,
    0,
    0,
    0,
    0
  ],
  "detailedFeatures": {
    "holdTimes": [
      136.90000000596046,
      79.89999997615814,
      152.89999997615814,
      186,
      103.19999998807907
    ],
    "ddTimes": [
      172.80000001192093,
      132,
      74.89999997615814,
      110.10000002384186
    ],
    "udTimes": [
      35.900000005960464,
      52.10000002384186,
      -78,
      -75.89999997615814
    ],
    "typingSpeed": 7.588404917904194,
    "flightTime": -16.474999986588955,
    "errorRate": 0,
    "pressPressure": 37.203300934753585
  },
  "privacyMode": false
}