{
  "sampleId": 0,
  "timestamp": "2025-09-13T15:19:21.579Z",
  "features": [
    93.29999995231628,
    104.39999997615814,
    141.20000004768372,
    87.5,
    135.39999997615814,
    153.39999997615814,
    165.39999997615814,
    170,
    330.9000000357628,
    60.10000002384186,
    61,
    28.799999952316284,
    243.4000000357628,
    6.09979260714007,
    98.32500000298023,
    0,
    21.941978050526938,
    0,
    0,
    0,
    0,
    0,
    0,
    0,
    0,
    0,
    0,
    0,
    0,
    0,
    0,
    0,
    0,
    0
  ],
  "detailedFeatures": {
    "holdTimes": [
      93.29999995231628,
      104.39999997615814,
      141.20000004768372,
      87.5,
      135.39999997615814
    ],
    "ddTimes": [
      153.39999997615814,
      165.39999997615814,
      170,
      330.9000000357628
    ],
    "udTimes": [
      60.10000002384186,
      61,
      28.799999952316284,
      243.4000000357628
    ],
    "typingSpeed": 6.09979260714007,
    "flightTime": 98.32500000298023,
    "errorRate": 0,
    "pressPressure": 21.941978050526938
  },
  "privacyMode": false
}