{
  "sampleId": 2,
  "timestamp": "2025-09-13T15:13:05.903Z",
  "features": [
    97,
    92.60000002384186,
    231.20000004768372,
    256.10000002384186,
    154.60000002384186,
    141.5999999642372,
    144.5,
    138,
    150.30000001192093,
    44.59999996423721,
    51.89999997615814,
    -93.20000004768372,
    -105.80000001192093,
    6.0132291031667675,
    -25.625000029802322,
    0,
    67.30099554449274,
    0,
    0,
    0,
    0,
    0,
    0,
    0,
    0,
    0,
    0,
    0,
    0,
    0,
    0,
    0,
    0,
    0
  ],
  "detailedFeatures": {
    "holdTimes": [
      97,
      92.60000002384186,
      231.20000004768372,
      256.10000002384186,
      154.60000002384186
    ],
    "ddTimes": [
      141.5999999642372,
      144.5,
      138,
      150.30000001192093
    ],
    "udTimes": [
      44.59999996423721,
      51.89999997615814,
      -93.20000004768372,
      -105.80000001192093
    ],
    "typingSpeed": 6.0132291031667675,
    "flightTime": -25.625000029802322,
    "errorRate": 0,
    "pressPressure": 67.30099554449274
  },
  "privacyMode": false
}