{
  "sampleId": 1,
  "timestamp": "2025-09-13T15:13:03.892Z",
  "features": [
    118.40000003576279,
    102.20000004768372,
    117.10000002384186,
    211.0999999642372,
    138.89999997615814,
    2740.399999976158,
    9692.399999976158,
    175.5,
    156.30000001192093,
    165.10000002384186,
    115.30000001192093,
    2740.399999976158,
    9692.399999976158,
    57.09999996423721,
    54.09999996423721,
    48,
    -95.79999995231628,
    0.536604062859333,
    2082.699999988079,
    0,
    38.590081598669336,
    0,
    0,
    0,
    0,
    0,
    0,
    0,
    0,
    0,
    0,
    0,
    0,
    0
  ],
  "detailedFeatures": {
    "holdTimes": [
      118.40000003576279,
      102.20000004768372,
      117.10000002384186,
      211.0999999642372,
      138.89999997615814
    ],
    "ddTimes": [
      2740.399999976158,
      9692.399999976158,
      175.5,
      156.30000001192093,
      165.10000002384186,
      115.30000001192093
    ],
    "udTimes": [
      2740.399999976158,
      9692.399999976158,
      57.09999996423721,
      54.09999996423721,
      48,
      -95.79999995231628
    ],
    "typingSpeed": 0.536604062859333,
    "flightTime": 2082.699999988079,
    "errorRate": 0,
    "pressPressure": 38.590081598669336
  },
  "privacyMode": false
}