{
  "sampleId": 7,
  "timestamp": "2025-09-13T15:13:24.684Z",
  "features": [
    117.19999998807907,
    81,
    171.5,
    195.60000002384186,
    120.20000004768372,
    158.5,
    127.19999998807907,
    92.69999998807907,
    121.5,
    41.30000001192093,
    46.19999998807907,
    -78.80000001192093,
    -74.10000002384186,
    7.293946024165203,
    -16.350000008940697,
    0,
    41.071742114627284,
    0,
    0,
    0,
    0,
    0,
    0,
    0,
    0,
    0,
    0,
    0,
    0,
    0,
    0,
    0,
    0,
    0
  ],
  "detailedFeatures": {
    "holdTimes": [
      117.19999998807907,
      81,
      171.5,
      195.60000002384186,
      120.20000004768372
    ],
    "ddTimes": [
      158.5,
      127.19999998807907,
      92.69999998807907,
      121.5
    ],
    "udTimes": [
      41.30000001192093,
      46.19999998807907,
      -78.80000001192093,
      -74.10000002384186
    ],
    "typingSpeed": 7.293946024165203,
    "flightTime": -16.350000008940697,
    "errorRate": 0,
    "pressPressure": 41.071742114627284
  },
  "privacyMode": false
}