{
  "sampleId": 4,
  "timestamp": "2025-09-13T15:13:09.298Z",
  "features": [
    119.39999997615814,
    81.10000002384186,
    205.60000002384186,
    237.29999995231628,
    122.29999995231628,
    160.19999998807907,
    128,
    92.60000002384186,
    155,
    40.80000001192093,
    46.89999997615814,
    -113,
    -82.29999995231628,
    6.529972574725167,
    -26.899999991059303,
    0,
    58.50506302122956,
    0,
    0,
    0,
    0,
    0,
    0,
    0,
    0,
    0,
    0,
    0,
    0,
    0,
    0,
    0,
    0,
    0
  ],
  "detailedFeatures": {
    "holdTimes": [
      119.39999997615814,
      81.10000002384186,
      205.60000002384186,
      237.29999995231628,
      122.29999995231628
    ],
    "ddTimes": [
      160.19999998807907,
      128,
      92.60000002384186,
      155
    ],
    "udTimes": [
      40.80000001192093,
      46.89999997615814,
      -113,
      -82.29999995231628
    ],
    "typingSpeed": 6.529972574725167,
    "flightTime": -26.899999991059303,
    "errorRate": 0,
    "pressPressure": 58.50506302122956
  },
  "privacyMode": false
}