{
  "sampleId": 3,
  "timestamp": "2025-09-13T15:13:07.315Z",
  "features": [
    101.30000001192093,
    81.69999998807907,
    184.89999997615814,
    206.5,
    117.5,
    158.39999997615814,
    122.40000003576279,
    104.19999998807907,
    121,
    57.09999996423721,
    40.700000047683716,
    -80.69999998807907,
    -85.5,
    7.226477814962123,
    -17.099999994039536,
    0,
    48.63736834626038,
    0,
    0,
    0,
    0,
    0,
    0,
    0,
    0,
    0,
    0,
    0,
    0,
    0,
    0,
    0,
    0,
    0
  ],
  "detailedFeatures": {
    "holdTimes": [
      101.30000001192093,
      81.69999998807907,
      184.89999997615814,
      206.5,
      117.5
    ],
    "ddTimes": [
      158.39999997615814,
      122.40000003576279,
      104.19999998807907,
      121
    ],
    "udTimes": [
      57.09999996423721,
      40.700000047683716,
      -80.69999998807907,
      -85.5
    ],
    "typingSpeed": 7.226477814962123,
    "flightTime": -17.099999994039536,
    "errorRate": 0,
    "pressPressure": 48.63736834626038
  },
  "privacyMode": false
}