{
  "sampleId": 9,
  "timestamp": "2025-09-13T15:13:30.378Z",
  "features": [
    84.19999998807907,
    94.80000001192093,
    215.10000002384186,
    181.89999997615814,
    99.80000001192093,
    122.39999997615814,
    129.5,
    135.80000001192093,
    108.89999997615814,
    38.19999998807907,
    34.69999998807907,
    -79.30000001192093,
    -73,
    7.3986386503578,
    -19.850000008940697,
    0,
    53.0117194608754,
    0,
    0,
    0,
    0,
    0,
    0,
    0,
    0,
    0,
    0,
    0,
    0,
    0,
    0,
    0,
    0,
    0
  ],
  "detailedFeatures": {
    "holdTimes": [
      84.19999998807907,
      94.80000001192093,
      215.10000002384186,
      181.89999997615814,
      99.80000001192093
    ],
    "ddTimes": [
      122.39999997615814,
      129.5,
      135.80000001192093,
      108.89999997615814
    ],
    "udTimes": [
      38.19999998807907,
      34.69999998807907,
      -79.30000001192093,
      -73
    ],
    "typingSpeed": 7.3986386503578,
    "flightTime": -19.850000008940697,
    "errorRate": 0,
    "pressPressure": 53.0117194608754
  },
  "privacyMode": false
}