{
  "sampleId": 8,
  "timestamp": "2025-09-13T15:13:27.469Z",
  "features": [
    95.69999998807907,
    120.69999998807907,
    152.4000000357628,
    198.29999995231628,
    120.10000002384186,
    141.30000001192093,
    163.39999997615814,
    81.70000004768372,
    113.29999995231628,
    45.60000002384186,
    42.69999998807907,
    -70.69999998807907,
    -85,
    7.275902212000488,
    -16.849999994039536,
    0,
    35.35780534997441,
    0,
    0,
    0,
    0,
    0,
    0,
    0,
    0,
    0,
    0,
    0,
    0,
    0,
    0,
    0,
    0,
    0
  ],
  "detailedFeatures": {
    "holdTimes": [
      95.69999998807907,
      120.69999998807907,
      152.4000000357628,
      198.29999995231628,
      120.10000002384186
    ],
    "ddTimes": [
      141.30000001192093,
      163.39999997615814,
      81.70000004768372,
      113.29999995231628
    ],
    "udTimes": [
      45.60000002384186,
      42.69999998807907,
      -70.69999998807907,
      -85
    ],
    "typingSpeed": 7.275902212000488,
    "flightTime": -16.849999994039536,
    "errorRate": 0,
    "pressPressure": 35.35780534997441
  },
  "privacyMode": false
}