{
  "sampleId": 5,
  "timestamp": "2025-09-13T15:13:17.968Z",
  "features": [
    88.19999998807907,
    96.5,
    155.19999998807907,
    122.39999997615814,
    129.39999997615814,
    85.90000003576279,
    89.09999996423721,
    173.89999997615814,
    117.60000002384186,
    132.0999999642372,
    135.30000001192093,
    79.5,
    6751.800000011921,
    164.5999999642372,
    130.20000004768372,
    118.69999998807907,
    93.59999996423721,
    43.89999997615814,
    38.80000001192093,
    -75.69999998807907,
    6629.400000035763,
    35.19999998807907,
    44.30000001192093,
    29.600000023841858,
    -80.30000001192093,
    1.183307475881094,
    833.1500000059605,
    0,
    29.575582180147357,
    0,
    0,
    0,
    0,
    0
  ],
  "detailedFeatures": {
    "holdTimes": [
      88.19999998807907,
      96.5,
      155.19999998807907,
      122.39999997615814,
      129.39999997615814,
      85.90000003576279,
      89.09999996423721,
      173.89999997615814,
      117.60000002384186
    ],
    "ddTimes": [
      132.0999999642372,
      135.30000001192093,
      79.5,
      6751.800000011921,
      164.5999999642372,
      130.20000004768372,
      118.69999998807907,
      93.59999996423721
    ],
    "udTimes": [
      43.89999997615814,
      38.80000001192093,
      -75.69999998807907,
      6629.400000035763,
      35.19999998807907,
      44.30000001192093,
      29.600000023841858,
      -80.30000001192093
    ],
    "typingSpeed": 1.183307475881094,
    "flightTime": 833.1500000059605,
    "errorRate": 0,
    "pressPressure": 29.575582180147357
  },
  "privacyMode": false
}