{
  "sampleId": 6,
  "timestamp": "2025-09-13T15:13:21.574Z",
  "features": [
    93.10000002384186,
    98.80000001192093,
    172.39999997615814,
    211.19999998807907,
    121.19999998807907,
    187,
    144.20000004768372,
    80.09999996423721,
    134.10000002384186,
    93.89999997615814,
    45.40000003576279,
    -92.30000001192093,
    -77.09999996423721,
    7.176690110643825,
    -7.524999991059303,
    0,
    45.53572661981216,
    0,
    0,
    0,
    0,
    0,
    0,
    0,
    0,
    0,
    0,
    0,
    0,
    0,
    0,
    0,
    0,
    0
  ],
  "detailedFeatures": {
    "holdTimes": [
      93.10000002384186,
      98.80000001192093,
      172.39999997615814,
      211.19999998807907,
      121.19999998807907
    ],
    "ddTimes": [
      187,
      144.20000004768372,
      80.09999996423721,
      134.10000002384186
    ],
    "udTimes": [
      93.89999997615814,
      45.40000003576279,
      -92.30000001192093,
      -77.09999996423721
    ],
    "typingSpeed": 7.176690110643825,
    "flightTime": -7.524999991059303,
    "errorRate": 0,
    "pressPressure": 45.53572661981216
  },
  "privacyMode": false
}