{
  "sampleId": 2,
  "timestamp": "2025-09-13T12:50:33.818Z",
  "features": [
    92.60000002384186,
    87.09999999403954,
    176.90000000596046,
    221.90000000596046,
    139.2999999821186,
    79.80000001192093,
    92,
    141.40000000596046,
    143.90000000596046,
    131.09999999403954,
    87.80000001192093,
    127.90000000596046,
    190.09999999403954,
    117.5,
    132.59999999403954,
    191.2000000178814,
    51.29999998211861,
    44,
    -89.09999999403954,
    -94,
    50.80000001192093,
    37.69999998807907,
    40.599999994039536,
    49.80000001192093,
    8.020675518945524,
    11.387499999254942,
    0,
    47.50625616570959,
    0,
    0,
    0,
    0,
    0,
    0
  ],
  "detailedFeatures": {
    "holdTimes": [
      92.60000002384186,
      87.09999999403954,
      176.90000000596046,
      221.90000000596046,
      139.2999999821186,
      79.80000001192093,
      92,
      141.40000000596046
    ],
    "ddTimes": [
      143.90000000596046,
      131.09999999403954,
      87.80000001192093,
      127.90000000596046,
      190.09999999403954,
      117.5,
      132.59999999403954,
      191.2000000178814
    ],
    "udTimes": [
      51.29999998211861,
      44,
      -89.09999999403954,
      -94,
      50.80000001192093,
      37.69999998807907,
      40.599999994039536,
      49.80000001192093
    ],
    "typingSpeed": 8.020675518945524,
    "flightTime": 11.387499999254942,
    "errorRate": 0,
    "pressPressure": 47.50625616570959
  },
  "privacyMode": false
}