{
  "sampleId": 6,
  "timestamp": "2025-09-13T12:50:43.358Z",
  "features": [
    118.09999999403954,
    125.30000001192093,
    136,
    160.10000002384186,
    91.7000000178814,
    118,
    123.19999998807907,
    128.69999998807907,
    149.09999999403954,
    160.7000000178814,
    67.7999999821186,
    99,
    172.60000002384186,
    148.09999999403954,
    160.09999999403954,
    169,
    31,
    35.400000005960464,
    -68.2000000178814,
    -61.10000002384186,
    80.90000000596046,
    30.099999994039536,
    36.900000005960464,
    40.30000001192093,
    7.990056818139538,
    15.662499997764826,
    0,
    17.94219450945295,
    0,
    0,
    0,
    0,
    0,
    0
  ],
  "detailedFeatures": {
    "holdTimes": [
      118.09999999403954,
      125.30000001192093,
      136,
      160.10000002384186,
      91.7000000178814,
      118,
      123.19999998807907,
      128.69999998807907
    ],
    "ddTimes": [
      149.09999999403954,
      160.7000000178814,
      67.7999999821186,
      99,
      172.60000002384186,
      148.09999999403954,
      160.09999999403954,
      169
    ],
    "udTimes": [
      31,
      35.400000005960464,
      -68.2000000178814,
      -61.10000002384186,
      80.90000000596046,
      30.099999994039536,
      36.900000005960464,
      40.30000001192093
    ],
    "typingSpeed": 7.990056818139538,
    "flightTime": 15.662499997764826,
    "errorRate": 0,
    "pressPressure": 17.94219450945295
  },
  "privacyMode": false
}