{
  "sampleId": 8,
  "timestamp": "2025-09-13T12:50:48.677Z",
  "features": [
    126.69999998807907,
    88.5,
    151.40000000596046,
    178.59999999403954,
    95.2000000178814,
    75.30000001192093,
    125.69999998807907,
    121.19999998807907,
    167,
    138.69999998807907,
    75,
    112.5,
    176.90000000596046,
    114.40000000596046,
    155.59999999403954,
    186,
    40.30000001192093,
    50.19999998807907,
    -76.40000000596046,
    -66.09999999403954,
    81.69999998807907,
    39.099999994039536,
    29.900000005960464,
    64.80000001192093,
    7.9921854187440164,
    20.4375,
    0,
    31.82623720572919,
    0,
    0,
    0,
    0,
    0,
    0
  ],
  "detailedFeatures": {
    "holdTimes": [
      126.69999998807907,
      88.5,
      151.40000000596046,
      178.59999999403954,
      95.2000000178814,
      75.30000001192093,
      125.69999998807907,
      121.19999998807907
    ],
    "ddTimes": [
      167,
      138.69999998807907,
      75,
      112.5,
      176.90000000596046,
      114.40000000596046,
      155.59999999403954,
      186
    ],
    "udTimes": [
      40.30000001192093,
      50.19999998807907,
      -76.40000000596046,
      -66.09999999403954,
      81.69999998807907,
      39.099999994039536,
      29.900000005960464,
      64.80000001192093
    ],
    "typingSpeed": 7.9921854187440164,
    "flightTime": 20.4375,
    "errorRate": 0,
    "pressPressure": 31.82623720572919
  },
  "privacyMode": false
}