{
  "sampleId": 9,
  "timestamp": "2025-09-13T12:50:53.640Z",
  "features": [
    117.2999999821186,
    107.5,
    199,
    167.5,
    95.7000000178814,
    234.09999999403954,
    103.59999999403954,
    142.19999998807907,
    99.80000001192093,
    89.90000000596046,
    153.30000001192093,
    146.09999999403954,
    135.09999999403954,
    116.59999999403954,
    114,
    125.7000000178814,
    540.5,
    187,
    749.3999999761581,
    155.30000001192093,
    135,
    28.80000001192093,
    27.599999994039536,
    -82.40000000596046,
    -53.5,
    30,
    306.40000000596046,
    83.40000000596046,
    607.1999999880791,
    55.5,
    45.099999994039536,
    4.8716185236213425,
    76.27499999664724,
    0,
    44.405975105023195
  ],
  "detailedFeatures": {
    "holdTimes": [
      117.2999999821186,
      107.5,
      199,
      167.5,
      95.7000000178814,
      234.09999999403954,
      103.59999999403954,
      142.19999998807907,
      99.80000001192093,
      89.90000000596046,
      153.30000001192093,
      147.7000000178814,
      136.40000000596046,
      232.2000000178814,
      128.09999999403954,
      114.90000000596046
    ],
    "ddTimes": [
      146.09999999403954,
      135.09999999403954,
      116.59999999403954,
      114,
      125.7000000178814,
      540.5,
      187,
      749.3999999761581,
      155.30000001192093,
      135,
      93.09999999403954,
      87,
      168.59999999403954,
      336.80000001192093,
      218.59999999403954,
      180.80000001192093
    ],
    "udTimes": [
      28.80000001192093,
      27.599999994039536,
      -82.40000000596046,
      -53.5,
      30,
      306.40000000596046,
      83.40000000596046,
      607.1999999880791,
      55.5,
      45.099999994039536,
      -60.20000001788139,
      -60.70000001788139,
      32.19999998807907,
      104.59999999403954,
      90.5,
      65.90000000596046
    ],
    "typingSpeed": 4.8716185236213425,
    "flightTime": 76.27499999664724,
    "errorRate": 0,
    "pressPressure": 44.405975105023195
  },
  "privacyMode": false
}