{
  "sampleId": 0,
  "timestamp": "2025-09-13T12:50:23.934Z",
  "features": [
    114.40000000596046,
    115.90000000596046,
    165.60000002384186,
    130.90000000596046,
    128.90000000596046,
    113.89999997615814,
    113.59999999403954,
    118.90000000596046,
    139.59999999403954,
    151.69999998807907,
    108.80000001192093,
    81.69999998807907,
    163.60000002384186,
    143.5,
    145.89999997615814,
    180.60000002384186,
    25.19999998807907,
    35.79999998211861,
    -56.80000001192093,
    -49.20000001788139,
    34.70000001788139,
    29.600000023841858,
    32.29999998211861,
    61.70000001788139,
    8.068854222657258,
    14.162499997764826,
    0,
    16.52036149876076,
    0,
    0,
    0,
    0,
    0,
    0
  ],
  "detailedFeatures": {
    "holdTimes": [
      114.40000000596046,
      115.90000000596046,
      165.60000002384186,
      130.90000000596046,
      128.90000000596046,
      113.89999997615814,
      113.59999999403954,
      118.90000000596046
    ],
    "ddTimes": [
      139.59999999403954,
      151.69999998807907,
      108.80000001192093,
      81.69999998807907,
      163.60000002384186,
      143.5,
      145.89999997615814,
      180.60000002384186
    ],
    "udTimes": [
      25.19999998807907,
      35.79999998211861,
      -56.80000001192093,
      -49.20000001788139,
      34.70000001788139,
      29.600000023841858,
      32.29999998211861,
      61.70000001788139
    ],
    "typingSpeed": 8.068854222657258,
    "flightTime": 14.162499997764826,
    "errorRate": 0,
    "pressPressure": 16.52036149876076
  },
  "privacyMode": false
}