{
  "sampleId": 4,
  "timestamp": "2025-09-13T12:50:38.061Z",
  "features": [
    108.09999999403954,
    118.19999998807907,
    157.7999999821186,
    213,
    138.40000000596046,
    84.2999999821186,
    107.39999997615814,
    83.19999998807907,
    142.7000000178814,
    153.5,
    71.19999998807907,
    123.09999999403954,
    189.2000000178814,
    118.5,
    209.59999999403954,
    121.5,
    34.60000002384186,
    35.30000001192093,
    -86.59999999403954,
    -89.90000000596046,
    50.80000001192093,
    34.20000001788139,
    102.2000000178814,
    38.30000001192093,
    7.969538652178337,
    14.862500011920929,
    0,
    40.35966427458645,
    0,
    0,
    0,
    0,
    0,
    0
  ],
  "detailedFeatures": {
    "holdTimes": [
      108.09999999403954,
      118.19999998807907,
      157.7999999821186,
      213,
      138.40000000596046,
      84.2999999821186,
      107.39999997615814,
      83.19999998807907
    ],
    "ddTimes": [
      142.7000000178814,
      153.5,
      71.19999998807907,
      123.09999999403954,
      189.2000000178814,
      118.5,
      209.59999999403954,
      121.5
    ],
    "udTimes": [
      34.60000002384186,
      35.30000001192093,
      -86.59999999403954,
      -89.90000000596046,
      50.80000001192093,
      34.20000001788139,
      102.2000000178814,
      38.30000001192093
    ],
    "typingSpeed": 7.969538652178337,
    "flightTime": 14.862500011920929,
    "errorRate": 0,
    "pressPressure": 40.35966427458645
  },
  "privacyMode": false
}