{
  "sampleId": 5,
  "timestamp": "2025-09-13T12:50:40.759Z",
  "features": [
    103.2000000178814,
    125,
    148.7000000178814,
    190.09999999403954,
    104,
    134.7000000178814,
    113.30000001192093,
    147.19999998807907,
    139.09999999403954,
    154,
    72.10000002384186,
    111.19999998807907,
    132.59999999403954,
    162.59999999403954,
    154.30000001192093,
    188.80000001192093,
    35.89999997615814,
    29,
    -76.59999999403954,
    -78.90000000596046,
    28.599999994039536,
    27.899999976158142,
    41,
    41.60000002384186,
    8.073921234283329,
    6.06249999627471,
    0,
    27.138429850585936,
    0,
    0,
    0,
    0,
    0,
    0
  ],
  "detailedFeatures": {
    "holdTimes": [
      103.2000000178814,
      125,
      148.7000000178814,
      190.09999999403954,
      104,
      134.7000000178814,
      113.30000001192093,
      147.19999998807907
    ],
    "ddTimes": [
      139.09999999403954,
      154,
      72.10000002384186,
      111.19999998807907,
      132.59999999403954,
      162.59999999403954,
      154.30000001192093,
      188.80000001192093
    ],
    "udTimes": [
      35.89999997615814,
      29,
      -76.59999999403954,
      -78.90000000596046,
      28.599999994039536,
      27.899999976158142,
      41,
      41.60000002384186
    ],
    "typingSpeed": 8.073921234283329,
    "flightTime": 6.06249999627471,
    "errorRate": 0,
    "pressPressure": 27.138429850585936
  },
  "privacyMode": false
}