{
  "sampleId": 3,
  "timestamp": "2025-09-13T12:50:35.971Z",
  "features": [
    121.60000002384186,
    81.40000000596046,
    227.7000000178814,
    229.69999998807907,
    137.80000001192093,
    84,
    74.59999999403954,
    114.2999999821186,
    160.30000001192093,
    118.19999998807907,
    143.10000002384186,
    130.7999999821186,
    173.40000000596046,
    120.59999999403954,
    114.7000000178814,
    227.59999999403954,
    38.69999998807907,
    36.79999998211861,
    -84.59999999403954,
    -98.90000000596046,
    35.599999994039536,
    36.599999994039536,
    40.10000002384186,
    113.30000001192093,
    7.5712963740763985,
    14.699999999254942,
    0,
    58.40536014716413,
    0,
    0,
    0,
    0,
    0,
    0
  ],
  "detailedFeatures": {
    "holdTimes": [
      121.60000002384186,
      81.40000000596046,
      227.7000000178814,
      229.69999998807907,
      137.80000001192093,
      84,
      74.59999999403954,
      114.2999999821186
    ],
    "ddTimes": [
      160.30000001192093,
      118.19999998807907,
      143.10000002384186,
      130.7999999821186,
      173.40000000596046,
      120.59999999403954,
      114.7000000178814,
      227.59999999403954
    ],
    "udTimes": [
      38.69999998807907,
      36.79999998211861,
      -84.59999999403954,
      -98.90000000596046,
      35.599999994039536,
      36.599999994039536,
      40.10000002384186,
      113.30000001192093
    ],
    "typingSpeed": 7.5712963740763985,
    "flightTime": 14.699999999254942,
    "errorRate": 0,
    "pressPressure": 58.40536014716413
  },
  "privacyMode": false
}