{
  "sampleId": 7,
  "timestamp": "2025-09-13T12:50:45.921Z",
  "features": [
    78.89999997615814,
    116.2999999821186,
    147.2000000178814,
    185.09999999403954,
    107.5,
    119,
    129.30000001192093,
    129.40000000596046,
    145.09999999403954,
    163.2999999821186,
    72.60000002384186,
    108.2999999821186,
    137.09999999403954,
    150.30000001192093,
    172.59999999403954,
    177.30000001192093,
    66.2000000178814,
    47,
    -74.59999999403954,
    -76.80000001192093,
    29.599999994039536,
    31.30000001192093,
    43.29999998211861,
    47.900000005960464,
    7.988638381011554,
    14.237500000745058,
    0,
    28.865396136160296,
    0,
    0,
    0,
    0,
    0,
    0
  ],
  "detailedFeatures": {
    "holdTimes": [
      78.89999997615814,
      116.2999999821186,
      147.2000000178814,
      185.09999999403954,
      107.5,
      119,
      129.30000001192093,
      129.40000000596046
    ],
    "ddTimes": [
      145.09999999403954,
      163.2999999821186,
      72.60000002384186,
      108.2999999821186,
      137.09999999403954,
      150.30000001192093,
      172.59999999403954,
      177.30000001192093
    ],
    "udTimes": [
      66.2000000178814,
      47,
      -74.59999999403954,
      -76.80000001192093,
      29.599999994039536,
      31.30000001192093,
      43.29999998211861,
      47.900000005960464
    ],
    "typingSpeed": 7.988638381011554,
    "flightTime": 14.237500000745058,
    "errorRate": 0,
    "pressPressure": 28.865396136160296
  },
  "privacyMode": false
}