{
  "sampleId": 1,
  "timestamp": "2025-09-13T12:50:31.462Z",
  "features": [
    118,
    129,
    150.5,
    108.2999999821186,
    100,
    93.90000000596046,
    92.30000001192093,
    95.89999997615814,
    150.69999998807907,
    160.90000000596046,
    74.90000000596046,
    146.39999997615814,
    143.5,
    132,
    133.10000002384186,
    144.19999998807907,
    32.69999998807907,
    31.900000005960464,
    -75.59999999403954,
    38.099999994039536,
    43.5,
    38.099999994039536,
    40.80000001192093,
    48.30000001192093,
    8.289582757758884,
    24.725000001490116,
    0,
    19.143042960062203,
    0,
    0,
    0,
    0,
    0,
    0
  ],
  "detailedFeatures": {
    "holdTimes": [
      118,
      129,
      150.5,
      108.2999999821186,
      100,
      93.90000000596046,
      92.30000001192093,
      95.89999997615814
    ],
    "ddTimes": [
      150.69999998807907,
      160.90000000596046,
      74.90000000596046,
      146.39999997615814,
      143.5,
      132,
      133.10000002384186,
      144.19999998807907
    ],
    "udTimes": [
      32.69999998807907,
      31.900000005960464,
      -75.59999999403954,
      38.099999994039536,
      43.5,
      38.099999994039536,
      40.80000001192093,
      48.30000001192093
    ],
    "typingSpeed": 8.289582757758884,
    "flightTime": 24.725000001490116,
    "errorRate": 0,
    "pressPressure": 19.143042960062203
  },
  "privacyMode": false
}