{
  "sampleId": 0,
  "timestamp": "2025-09-13T17:36:18.227Z",
  "features": [
    131.9000000357628,
    112.69999998807907,
    171.60000002384186,
    147.5999999642372,
    138,
    160.10000002384186,
    139.19999998807907,
    113.60000002384186,
    87.39999997615814,
    28.19999998807907,
    26.5,
    -58,
    -60.19999998807907,
    7.1245369049801495,
    -15.875,
    0,
    19.342037126560136,
    0,
    0,
    0,
    0,
    0,
    0,
    0,
    0,
    0,
    0,
    0,
    0,
    0,
    0,
    0,
    0,
    0
  ],
  "detailedFeatures": {
    "holdTimes": [
      131.9000000357628,
      112.69999998807907,
      171.60000002384186,
      147.5999999642372,
      138
    ],
    "ddTimes": [
      160.10000002384186,
      139.19999998807907,
      113.60000002384186,
      87.39999997615814
    ],
    "udTimes": [
      28.19999998807907,
      26.5,
      -58,
      -60.19999998807907
    ],
    "typingSpeed": 7.1245369049801495,
    "flightTime": -15.875,
    "errorRate": 0,
    "pressPressure": 19.342037126560136
  },
  "privacyMode": false
}