{
  "sampleId": 6,
  "timestamp": "2025-09-13T17:36:36.464Z",
  "features": [
    95.89999997615814,
    91.80000001192093,
    93.30000001192093,
    187.9000000357628,
    140.60000002384186,
    207.69999998807907,
    139.19999998807907,
    131.5,
    87.30000001192093,
    111.80000001192093,
    47.39999997615814,
    38.19999998807907,
    -100.60000002384186,
    8.203445446285539,
    24.19999998807907,
    0,
    37.697904465507456,
    0,
    0,
    0,
    0,
    0,
    0,
    0,
    0,
    0,
    0,
    0,
    0,
    0,
    0,
    0,
    0,
    0
  ],
  "detailedFeatures": {
    "holdTimes": [
      95.89999997615814,
      91.80000001192093,
      93.30000001192093,
      187.9000000357628,
      140.60000002384186
    ],
    "ddTimes": [
      207.69999998807907,
      139.19999998807907,
      131.5,
      87.30000001192093
    ],
    "udTimes": [
      111.80000001192093,
      47.39999997615814,
      38.19999998807907,
      -100.60000002384186
    ],
    "typingSpeed": 8.203445446285539,
    "flightTime": 24.19999998807907,
    "errorRate": 0,
    "pressPressure": 37.697904465507456
  },
  "privacyMode": false
}