{
  "sampleId": 2,
  "timestamp": "2025-09-13T17:36:25.686Z",
  "features": [
    96,
    87.39999997615814,
    92.5,
    195.5999999642372,
    140.30000001192093,
    192.9000000357628,
    130.79999995231628,
    137.20000004768372,
    100.69999998807907,
    96.90000003576279,
    43.39999997615814,
    44.700000047683716,
    -94.89999997615814,
    8.172605427246976,
    22.525000020861626,
    0,
    41.217986357550785,
    0,
    0,
    0,
    0,
    0,
    0,
    0,
    0,
    0,
    0,
    0,
    0,
    0,
    0,
    0,
    0,
    0
  ],
  "detailedFeatures": {
    "holdTimes": [
      96,
      87.39999997615814,
      92.5,
      195.5999999642372,
      140.30000001192093
    ],
    "ddTimes": [
      192.9000000357628,
      130.79999995231628,
      137.20000004768372,
      100.69999998807907
    ],
    "udTimes": [
      96.90000003576279,
      43.39999997615814,
      44.700000047683716,
      -94.89999997615814
    ],
    "typingSpeed": 8.172605427246976,
    "flightTime": 22.525000020861626,
    "errorRate": 0,
    "pressPressure": 41.217986357550785
  },
  "privacyMode": false
}