{
  "sampleId": 4,
  "timestamp": "2025-09-13T17:36:29.085Z",
  "features": [
    95.69999998807907,
    99,
    193.39999997615814,
    248.69999998807907,
    144.4000000357628,
    146.69999998807907,
    143.4000000357628,
    98,
    143.0999999642372,
    51,
    44.40000003576279,
    -95.39999997615814,
    -105.60000002384186,
    6.400409626313746,
    -26.399999991059303,
    0,
    58.32908707775251,
    0,
    0,
    0,
    0,
    0,
    0,
    0,
    0,
    0,
    0,
    0,
    0,
    0,
    0,
    0,
    0,
    0
  ],
  "detailedFeatures": {
    "holdTimes": [
      95.69999998807907,
      99,
      193.39999997615814,
      248.69999998807907,
      144.4000000357628
    ],
    "ddTimes": [
      146.69999998807907,
      143.4000000357628,
      98,
      143.0999999642372
    ],
    "udTimes": [
      51,
      44.40000003576279,
      -95.39999997615814,
      -105.60000002384186
    ],
    "typingSpeed": 6.400409626313746,
    "flightTime": -26.399999991059303,
    "errorRate": 0,
    "pressPressure": 58.32908707775251
  },
  "privacyMode": false
}