{
  "sampleId": 8,
  "timestamp": "2025-09-13T17:36:47.376Z",
  "features": [
    97.80000001192093,
    91.30000001192093,
    149.10000002384186,
    171.80000001192093,
    131.5,
    142.69999998807907,
    139,
    189.19999998807907,
    83.19999998807907,
    44.89999997615814,
    47.69999998807907,
    40.09999996423721,
    -88.60000002384186,
    7.794232267397393,
    11.024999976158142,
    0,
    30.444638281377614,
    0,
    0,
    0,
    0,
    0,
    0,
    0,
    0,
    0,
    0,
    0,
    0,
    0,
    0,
    0,
    0,
    0
  ],
  "detailedFeatures": {
    "holdTimes": [
      97.80000001192093,
      91.30000001192093,
      149.10000002384186,
      171.80000001192093,
      131.5
    ],
    "ddTimes": [
      142.69999998807907,
      139,
      189.19999998807907,
      83.19999998807907
    ],
    "udTimes": [
      44.89999997615814,
      47.69999998807907,
      40.09999996423721,
      -88.60000002384186
    ],
    "typingSpeed": 7.794232267397393,
    "flightTime": 11.024999976158142,
    "errorRate": 0,
    "pressPressure": 30.444638281377614
  },
  "privacyMode": false
}