{
  "sampleId": 3,
  "timestamp": "2025-09-13T17:36:27.211Z",
  "features": [
    96,
    90.09999996423721,
    179.10000002384186,
    224.10000002384186,
    139,
    201,
    135.19999998807907,
    93.5,
    127.39999997615814,
    105,
    45.10000002384186,
    -85.60000002384186,
    -96.70000004768372,
    6.865302759739337,
    -8.050000011920929,
    0,
    50.731552330495106,
    0,
    0,
    0,
    0,
    0,
    0,
    0,
    0,
    0,
    0,
    0,
    0,
    0,
    0,
    0,
    0,
    0
  ],
  "detailedFeatures": {
    "holdTimes": [
      96,
      90.09999996423721,
      179.10000002384186,
      224.10000002384186,
      139
    ],
    "ddTimes": [
      201,
      135.19999998807907,
      93.5,
      127.39999997615814
    ],
    "udTimes": [
      105,
      45.10000002384186,
      -85.60000002384186,
      -96.70000004768372
    ],
    "typingSpeed": 6.865302759739337,
    "flightTime": -8.050000011920929,
    "errorRate": 0,
    "pressPressure": 50.731552330495106
  },
  "privacyMode": false
}