{
  "sampleId": 7,
  "timestamp": "2025-09-13T17:36:40.490Z",
  "features": [
    139.5999999642372,
    90.19999998807907,
    165.5999999642372,
    189.69999998807907,
    139.89999997615814,
    180.89999997615814,
    136.30000001192093,
    206.69999998807907,
    90,
    41.30000001192093,
    46.10000002384186,
    41.10000002384186,
    -99.69999998807907,
    6.896551725271908,
    7.200000017881393,
    0,
    33.10788425555702,
    0,
    0,
    0,
    0,
    0,
    0,
    0,
    0,
    0,
    0,
    0,
    0,
    0,
    0,
    0,
    0,
    0
  ],
  "detailedFeatures": {
    "holdTimes": [
      139.5999999642372,
      90.19999998807907,
      165.5999999642372,
      189.69999998807907,
      139.89999997615814
    ],
    "ddTimes": [
      180.89999997615814,
      136.30000001192093,
      206.69999998807907,
      90
    ],
    "udTimes": [
      41.30000001192093,
      46.10000002384186,
      41.10000002384186,
      -99.69999998807907
    ],
    "typingSpeed": 6.896551725271908,
    "flightTime": 7.200000017881393,
    "errorRate": 0,
    "pressPressure": 33.10788425555702
  },
  "privacyMode": false
}