{
  "sampleId": 1,
  "timestamp": "2025-09-13T17:36:23.751Z",
  "features": [
    154.79999995231628,
    95.69999998807907,
    90.30000001192093,
    183.9000000357628,
    135.69999998807907,
    4372.300000011921,
    204.19999998807907,
    192.5,
    135.0999999642372,
    93.10000002384186,
    4372.300000011921,
    49.40000003576279,
    96.80000001192093,
    44.799999952316284,
    -90.80000001192093,
    1.2006723765337215,
    894.5,
    0,
    35.45049506374954,
    0,
    0,
    0,
    0,
    0,
    0,
    0,
    0,
    0,
    0,
    0,
    0,
    0,
    0,
    0
  ],
  "detailedFeatures": {
    "holdTimes": [
      154.79999995231628,
      95.69999998807907,
      90.30000001192093,
      183.9000000357628,
      135.69999998807907
    ],
    "ddTimes": [
      4372.300000011921,
      204.19999998807907,
      192.5,
      135.0999999642372,
      93.10000002384186
    ],
    "udTimes": [
      4372.300000011921,
      49.40000003576279,
      96.80000001192093,
      44.799999952316284,
      -90.80000001192093
    ],
    "typingSpeed": 1.2006723765337215,
    "flightTime": 894.5,
    "errorRate": 0,
    "pressPressure": 35.45049506374954
  },
  "privacyMode": false
}