{
  "sampleId": 9,
  "timestamp": "2025-09-13T17:36:59.724Z",
  "features": [
    175.30000001192093,
    94.80000001192093,
    184.19999998807907,
    231.4000000357628,
    130.80000001192093,
    220.80000001192093,
    235.60000002384186,
    85.79999995231628,
    144.4000000357628,
    45.5,
    140.80000001192093,
    -98.40000003576279,
    -87,
    6.123698713576239,
    0.22499999403953552,
    0,
    46.8335777028633,
    0,
    0,
    0,
    0,
    0,
    0,
    0,
    0,
    0,
    0,
    0,
    0,
    0,
    0,
    0,
    0,
    0
  ],
  "detailedFeatures": {
    "holdTimes": [
      175.30000001192093,
      94.80000001192093,
      184.19999998807907,
      231.4000000357628,
      130.80000001192093
    ],
    "ddTimes": [
      220.80000001192093,
      235.60000002384186,
      85.79999995231628,
      144.4000000357628
    ],
    "udTimes": [
      45.5,
      140.80000001192093,
      -98.40000003576279,
      -87
    ],
    "typingSpeed": 6.123698713576239,
    "flightTime": 0.22499999403953552,
    "errorRate": 0,
    "pressPressure": 46.8335777028633
  },
  "privacyMode": false
}