{
  "sampleId": 5,
  "timestamp": "2025-09-13T17:36:32.789Z",
  "features": [
    97.60000002384186,
    94.20000004768372,
    87.90000003576279,
    84.80000001192093,
    99,
    188.69999998807907,
    135.69999998807907,
    779.8999999761581,
    267.80000001192093,
    191.80000001192093,
    122.10000002384186,
    139.5,
    92.19999998807907,
    682.2999999523163,
    173.5999999642372,
    103.89999997615814,
    37.30000001192093,
    40.5,
    -96.5,
    4.393397351376154,
    156.84999998410544,
    2,
    34.75682283605973,
    0,
    0,
    0,
    0,
    0,
    0,
    0,
    0,
    0,
    0,
    0
  ],
  "detailedFeatures": {
    "holdTimes": [
      97.60000002384186,
      94.20000004768372,
      87.90000003576279,
      84.80000001192093,
      99,
      188.69999998807907,
      135.69999998807907
    ],
    "ddTimes": [
      779.8999999761581,
      267.80000001192093,
      191.80000001192093,
      122.10000002384186,
      139.5,
      92.19999998807907
    ],
    "udTimes": [
      682.2999999523163,
      173.5999999642372,
      103.89999997615814,
      37.30000001192093,
      40.5,
      -96.5
    ],
    "typingSpeed": 4.393397351376154,
    "flightTime": 156.84999998410544,
    "errorRate": 2,
    "pressPressure": 34.75682283605973
  },
  "privacyMode": false
}