{
  "sampleId": 4,
  "timestamp": "2025-09-13T22:58:56.816Z",
  "features": [
    153.89999997615814,
    125.80000001192093,
    98.80000001192093,
    241.19999998807907,
    129.69999998807907,
    230.30000001192093,
    160.69999998807907,
    132.10000002384186,
    77.09999996423721,
    76.40000003576279,
    34.89999997615814,
    33.30000001192093,
    -164.10000002384186,
    6.672004270295,
    -4.875,
    0,
    48.89120165494043,
    0,
    0,
    0,
    0,
    0,
    0,
    0,
    0,
    0,
    0,
    0,
    0,
    0,
    0,
    0,
    0,
    0
  ],
  "detailedFeatures": {
    "holdTimes": [
      153.89999997615814,
      125.80000001192093,
      98.80000001192093,
      241.19999998807907,
      129.69999998807907
    ],
    "ddTimes": [
      230.30000001192093,
      160.69999998807907,
      132.10000002384186,
      77.09999996423721
    ],
    "udTimes": [
      76.40000003576279,
      34.89999997615814,
      33.30000001192093,
      -164.10000002384186
    ],
    "typingSpeed": 6.672004270295,
    "flightTime": -4.875,
    "errorRate": 0,
    "pressPressure": 48.89120165494043
  },
  "privacyMode": false
}