{
  "sampleId": 9,
  "timestamp": "2025-09-13T22:59:10.735Z",
  "features": [
    124,
    78.10000002384186,
    135.69999998807907,
    280.2000000476837,
    118.80000001192093,
    183.69999998807907,
    183.10000002384186,
    72.09999996423721,
    188.80000001192093,
    59.69999998807907,
    105,
    -63.60000002384186,
    -91.40000003576279,
    6.786102062316259,
    2.4249999821186066,
    0,
    69.19643344705435,
    0,
    0,
    0,
    0,
    0,
    0,
    0,
    0,
    0,
    0,
    0,
    0,
    0,
    0,
    0,
    0,
    0
  ],
  "detailedFeatures": {
    "holdTimes": [
      124,
      78.10000002384186,
      135.69999998807907,
      280.2000000476837,
      118.80000001192093
    ],
    "ddTimes": [
      183.69999998807907,
      183.10000002384186,
      72.09999996423721,
      188.80000001192093
    ],
    "udTimes": [
      59.69999998807907,
      105,
      -63.60000002384186,
      -91.40000003576279
    ],
    "typingSpeed": 6.786102062316259,
    "flightTime": 2.4249999821186066,
    "errorRate": 0,
    "pressPressure": 69.19643344705435
  },
  "privacyMode": false
}