{
  "sampleId": 1,
  "timestamp": "2025-09-13T22:58:51.844Z",
  "features": [
    255.5,
    140.69999998807907,
    87,
    162.10000002384186,
    206,
    123.30000001192093,
    157.9000000357628,
    123.40000003576279,
    240.80000001192093,
    81.79999995231628,
    96.5,
    2965.100000023842,
    162,
    201.39999997615814,
    276.30000001192093,
    483.69999998807907,
    143.19999998807907,
    184,
    565.1000000238419,
    319.80000001192093,
    141.79999995231628,
    2709.600000023842,
    21.30000001192093,
    114.39999997615814,
    114.19999998807907,
    277.69999998807907,
    19.899999976158142,
    26.099999964237213,
    441.69999998807907,
    79,
    60,
    1.6135538523598225,
    513.5157894711746,
    8,
    45.49764902487719
  ],
  "detailedFeatures": {
    "holdTimes": [
      255.5,
      140.69999998807907,
      87,
      162.10000002384186,
      206,
      123.30000001192093,
      157.9000000357628,
      123.40000003576279,
      240.80000001192093,
      81.79999995231628,
      96.5,
      115.69999998807907,
      151.4000000357628,
      157.89999997615814,
      142.89999997615814,
      125.60000002384186,
      123.10000002384186,
      146.5999999642372,
      110.80000001192093
    ],
    "ddTimes": [
      2965.100000023842,
      162,
      201.39999997615814,
      276.30000001192093,
      483.69999998807907,
      143.19999998807907,
      184,
      565.1000000238419,
      319.80000001192093,
      141.79999995231628,
      149.4000000357628,
      189.0999999642372,
      53.40000003576279,
      3995.399999976158,
      1956.4000000357628,
      204.29999995231628,
      163.80000001192093,
      165.4000000357628,
      75.39999997615814
    ],
    "udTimes": [
      2709.600000023842,
      21.30000001192093,
      114.39999997615814,
      114.19999998807907,
      277.69999998807907,
      19.899999976158142,
      26.099999964237213,
      441.69999998807907,
      79,
      60,
      52.90000003576279,
      73.39999997615814,
      -98,
      3837.5,
      1956.4000000357628,
      61.39999997615814,
      38.19999998807907,
      42.30000001192093,
      -71.19999998807907
    ],
    "typingSpeed": 1.6135538523598225,
    "flightTime": 513.5157894711746,
    "errorRate": 8,
    "pressPressure": 45.49764902487719
  },
  "privacyMode": false
}