{
  "sampleId": 0,
  "timestamp": "2025-09-13T22:58:38.863Z",
  "features": [
    117.09999996423721,
    104.89999997615814,
    132.80000001192093,
    162.69999998807907,
    123.89999997615814,
    168,
    166.39999997615814,
    148.10000002384186,
    68.69999998807907,
    50.90000003576279,
    61.5,
    15.300000011920929,
    -94,
    7.7954474596983205,
    8.425000011920929,
    0,
    19.472893988364874,
    0,
    0,
    0,
    0,
    0,
    0,
    0,
    0,
    0,
    0,
    0,
    0,
    0,
    0,
    0,
    0,
    0
  ],
  "detailedFeatures": {
    "holdTimes": [
      117.09999996423721,
      104.89999997615814,
      132.80000001192093,
      162.69999998807907,
      123.89999997615814
    ],
    "ddTimes": [
      168,
      166.39999997615814,
      148.10000002384186,
      68.69999998807907
    ],
    "udTimes": [
      50.90000003576279,
      61.5,
      15.300000011920929,
      -94
    ],
    "typingSpeed": 7.7954474596983205,
    "flightTime": 8.425000011920929,
    "errorRate": 0,
    "pressPressure": 19.472893988364874
  },
  "privacyMode": false
}