{
  "sampleId": 6,
  "timestamp": "2025-09-13T22:59:03.661Z",
  "features": [
    146.10000002384186,
    127.5,
    138.60000002384186,
    225.5999999642372,
    107.10000002384186,
    183.89999997615814,
    169,
    80.70000004768372,
    147.29999995231628,
    37.799999952316284,
    41.5,
    -57.89999997615814,
    -78.30000001192093,
    6.712310376909584,
    -14.225000008940697,
    0,
    40.501822161207585,
    0,
    0,
    0,
    0,
    0,
    0,
    0,
    0,
    0,
    0,
    0,
    0,
    0,
    0,
    0,
    0,
    0
  ],
  "detailedFeatures": {
    "holdTimes": [
      146.10000002384186,
      127.5,
      138.60000002384186,
      225.5999999642372,
      107.10000002384186
    ],
    "ddTimes": [
      183.89999997615814,
      169,
      80.70000004768372,
      147.29999995231628
    ],
    "udTimes": [
      37.799999952316284,
      41.5,
      -57.89999997615814,
      -78.30000001192093
    ],
    "typingSpeed": 6.712310376909584,
    "flightTime": -14.225000008940697,
    "errorRate": 0,
    "pressPressure": 40.501822161207585
  },
  "privacyMode": false
}