{
  "sampleId": 7,
  "timestamp": "2025-09-13T22:59:05.892Z",
  "features": [
    123.19999998807907,
    115.80000001192093,
    239.69999998807907,
    209.39999997615814,
    109.5,
    169.60000002384186,
    154.80000001192093,
    132.69999998807907,
    134.0999999642372,
    46.40000003576279,
    39,
    -107,
    -75.30000001192093,
    6.268806419538854,
    -24.224999994039536,
    0,
    54.12841766675517,
    0,
    0,
    0,
    0,
    0,
    0,
    0,
    0,
    0,
    0,
    0,
    0,
    0,
    0,
    0,
    0,
    0
  ],
  "detailedFeatures": {
    "holdTimes": [
      123.19999998807907,
      115.80000001192093,
      239.69999998807907,
      209.39999997615814,
      109.5
    ],
    "ddTimes": [
      169.60000002384186,
      154.80000001192093,
      132.69999998807907,
      134.0999999642372
    ],
    "udTimes": [
      46.40000003576279,
      39,
      -107,
      -75.30000001192093
    ],
    "typingSpeed": 6.268806419538854,
    "flightTime": -24.224999994039536,
    "errorRate": 0,
    "pressPressure": 54.12841766675517
  },
  "privacyMode": false
}