{
  "sampleId": 3,
  "timestamp": "2025-09-13T22:58:55.325Z",
  "features": [
    95.20000004768372,
    128.39999997615814,
    189.19999998807907,
    190.69999998807907,
    116.10000002384186,
    132.20000004768372,
    165.19999998807907,
    115.69999998807907,
    110.89999997615814,
    37,
    36.80000001192093,
    -73.5,
    -79.80000001192093,
    6.948304613444051,
    -19.875,
    0,
    39.05664602234121,
    0,
    0,
    0,
    0,
    0,
    0,
    0,
    0,
    0,
    0,
    0,
    0,
    0,
    0,
    0,
    0,
    0
  ],
  "detailedFeatures": {
    "holdTimes": [
      95.20000004768372,
      128.39999997615814,
      189.19999998807907,
      190.69999998807907,
      116.10000002384186
    ],
    "ddTimes": [
      132.20000004768372,
      165.19999998807907,
      115.69999998807907,
      110.89999997615814
    ],
    "udTimes": [
      37,
      36.80000001192093,
      -73.5,
      -79.80000001192093
    ],
    "typingSpeed": 6.948304613444051,
    "flightTime": -19.875,
    "errorRate": 0,
    "pressPressure": 39.05664602234121
  },
  "privacyMode": false
}