{
  "sampleId": 8,
  "timestamp": "2025-09-13T22:59:08.146Z",
  "features": [
    134.0999999642372,
    84.39999997615814,
    153.5,
    182,
    116.30000001192093,
    183.80000001192093,
    173.19999998807907,
    78.30000001192093,
    104.29999995231628,
    49.700000047683716,
    88.80000001192093,
    -75.19999998807907,
    -77.70000004768372,
    7.459346561771878,
    -3.5999999940395355,
    0,
    33.038438225623445,
    0,
    0,
    0,
    0,
    0,
    0,
    0,
    0,
    0,
    0,
    0,
    0,
    0,
    0,
    0,
    0,
    0
  ],
  "detailedFeatures": {
    "holdTimes": [
      134.0999999642372,
      84.39999997615814,
      153.5,
      182,
      116.30000001192093
    ],
    "ddTimes": [
      183.80000001192093,
      173.19999998807907,
      78.30000001192093,
      104.29999995231628
    ],
    "udTimes": [
      49.700000047683716,
      88.80000001192093,
      -75.19999998807907,
      -77.70000004768372
    ],
    "typingSpeed": 7.459346561771878,
    "flightTime": -3.5999999940395355,
    "errorRate": 0,
    "pressPressure": 33.038438225623445
  },
  "privacyMode": false
}