{
  "sampleId": 2,
  "timestamp": "2025-09-13T22:58:53.614Z",
  "features": [
    103.40000003576279,
    127.10000002384186,
    135,
    157.80000001192093,
    119,
    187.30000001192093,
    163.69999998807907,
    171.19999998807907,
    77.30000001192093,
    83.89999997615814,
    36.59999996423721,
    36.19999998807907,
    -80.5,
    7.784524364694391,
    19.049999982118607,
    0,
    18.016392529262006,
    0,
    0,
    0,
    0,
    0,
    0,
    0,
    0,
    0,
    0,
    0,
    0,
    0,
    0,
    0,
    0,
    0
  ],
  "detailedFeatures": {
    "holdTimes": [
      103.40000003576279,
      127.10000002384186,
      135,
      157.80000001192093,
      119
    ],
    "ddTimes": [
      187.30000001192093,
      163.69999998807907,
      171.19999998807907,
      77.30000001192093
    ],
    "udTimes": [
      83.89999997615814,
      36.59999996423721,
      36.19999998807907,
      -80.5
    ],
    "typingSpeed": 7.784524364694391,
    "flightTime": 19.049999982118607,
    "errorRate": 0,
    "pressPressure": 18.016392529262006
  },
  "privacyMode": false
}