{
  "sampleId": 5,
  "timestamp": "2025-09-13T22:59:01.295Z",
  "features": [
    139,
    125.5,
    121.80000001192093,
    72.19999998807907,
    73.40000003576279,
    64.69999998807907,
    134.0999999642372,
    158.19999998807907,
    113.30000001192093,
    100.10000002384186,
    137.70000004768372,
    371.5,
    158.30000001192093,
    185.5,
    181.19999998807907,
    312.60000002384186,
    149.80000001192093,
    171.30000001192093,
    80.09999996423721,
    992.1999999880791,
    163,
    232.5,
    32.80000001192093,
    63.69999998807907,
    109,
    239.19999998807907,
    85.10000002384186,
    37.200000047683716,
    -78.10000002384186,
    878.8999999761581,
    62.89999997615814,
    4.452501351635315,
    124.6615384542025,
    4,
    31.263286974641765
  ],
  "detailedFeatures": {
    "holdTimes": [
      139,
      125.5,
      121.80000001192093,
      72.19999998807907,
      73.40000003576279,
      64.69999998807907,
      134.0999999642372,
      158.19999998807907,
      113.30000001192093,
      100.10000002384186,
      137.70000004768372,
      111.5,
      172.20000004768372,
      144
    ],
    "ddTimes": [
      371.5,
      158.30000001192093,
      185.5,
      181.19999998807907,
      312.60000002384186,
      149.80000001192093,
      171.30000001192093,
      80.09999996423721,
      992.1999999880791,
      163,
      172.70000004768372,
      145.79999995231628,
      60.30000001192093
    ],
    "udTimes": [
      232.5,
      32.80000001192093,
      63.69999998807907,
      109,
      239.19999998807907,
      85.10000002384186,
      37.200000047683716,
      -78.10000002384186,
      878.8999999761581,
      62.89999997615814,
      35,
      34.299999952316284,
      -111.90000003576279
    ],
    "typingSpeed": 4.452501351635315,
    "flightTime": 124.6615384542025,
    "errorRate": 4,
    "pressPressure": 31.263286974641765
  },
  "privacyMode": false
}