{
  "sampleId": 7,
  "timestamp": "2025-09-13T23:04:47.529Z",
  "features": [
    107.60000002384186,
    102.80000001192093,
    164.5,
    174.0999999642372,
    122.30000001192093,
    170.4000000357628,
    143.5,
    106.5,
    116.5,
    62.80000001192093,
    40.69999998807907,
    -58,
    -57.59999996423721,
    7.448234768227633,
    -3.0249999910593033,
    0,
    29.4795250804485,
    0,
    0,
    0,
    0,
    0,
    0,
    0,
    0,
    0,
    0,
    0,
    0,
    0,
    0,
    0,
    0,
    0
  ],
  "detailedFeatures": {
    "holdTimes": [
      107.60000002384186,
      102.80000001192093,
      164.5,
      174.0999999642372,
      122.30000001192093
    ],
    "ddTimes": [
      170.4000000357628,
      143.5,
      106.5,
      116.5
    ],
    "udTimes": [
      62.80000001192093,
      40.69999998807907,
      -58,
      -57.59999996423721
    ],
    "typingSpeed": 7.448234768227633,
    "flightTime": -3.0249999910593033,
    "errorRate": 0,
    "pressPressure": 29.4795250804485
  },
  "privacyMode": false
}