{
  "sampleId": 2,
  "timestamp": "2025-09-13T23:04:39.264Z",
  "features": [
    113.59999996423721,
    117.20000004768372,
    132.89999997615814,
    216.20000004768372,
    144.5999999642372,
    160.5999999642372,
    160.70000004768372,
    178.29999995231628,
    106.40000003576279,
    47,
    43.5,
    45.39999997615814,
    -109.80000001192093,
    6.901311249137335,
    6.524999991059303,
    0,
    37.34905623169194,
    0,
    0,
    0,
    0,
    0,
    0,
    0,
    0,
    0,
    0,
    0,
    0,
    0,
    0,
    0,
    0,
    0
  ],
  "detailedFeatures": {
    "holdTimes": [
      113.59999996423721,
      117.20000004768372,
      132.89999997615814,
      216.20000004768372,
      144.5999999642372
    ],
    "ddTimes": [
      160.5999999642372,
      160.70000004768372,
      178.29999995231628,
      106.40000003576279
    ],
    "udTimes": [
      47,
      43.5,
      45.39999997615814,
      -109.80000001192093
    ],
    "typingSpeed": 6.901311249137335,
    "flightTime": 6.524999991059303,
    "errorRate": 0,
    "pressPressure": 37.34905623169194
  },
  "privacyMode": false
}