{
  "sampleId": 5,
  "timestamp": "2025-09-13T23:04:43.887Z",
  "features": [
    109.40000003576279,
    110.30000001192093,
    156.89999997615814,
    185.30000001192093,
    123,
    139.60000002384186,
    163.5,
    95,
    133.5999999642372,
    30.19999998807907,
    53.19999998807907,
    -61.89999997615814,
    -51.700000047683716,
    7.300335815066315,
    -7.550000011920929,
    0,
    29.663270209447248,
    0,
    0,
    0,
    0,
    0,
    0,
    0,
    0,
    0,
    0,
    0,
    0,
    0,
    0,
    0,
    0,
    0
  ],
  "detailedFeatures": {
    "holdTimes": [
      109.40000003576279,
      110.30000001192093,
      156.89999997615814,
      185.30000001192093,
      123
    ],
    "ddTimes": [
      139.60000002384186,
      163.5,
      95,
      133.5999999642372
    ],
    "udTimes": [
      30.19999998807907,
      53.19999998807907,
      -61.89999997615814,
      -51.700000047683716
    ],
    "typingSpeed": 7.300335815066315,
    "flightTime": -7.550000011920929,
    "errorRate": 0,
    "pressPressure": 29.663270209447248
  },
  "privacyMode": false
}