{
  "sampleId": 4,
  "timestamp": "2025-09-13T23:04:41.933Z",
  "features": [
    113.5,
    131.0999999642372,
    213.5999999642372,
    167.10000002384186,
    85.80000001192093,
    154,
    166.80000001192093,
    134.0999999642372,
    107.10000002384186,
    40.5,
    35.700000047683716,
    -79.5,
    -60,
    7.031359865351513,
    -15.824999988079071,
    0,
    44.37528139748768,
    0,
    0,
    0,
    0,
    0,
    0,
    0,
    0,
    0,
    0,
    0,
    0,
    0,
    0,
    0,
    0,
    0
  ],
  "detailedFeatures": {
    "holdTimes": [
      113.5,
      131.0999999642372,
      213.5999999642372,
      167.10000002384186,
      85.80000001192093
    ],
    "ddTimes": [
      154,
      166.80000001192093,
      134.0999999642372,
      107.10000002384186
    ],
    "udTimes": [
      40.5,
      35.700000047683716,
      -79.5,
      -60
    ],
    "typingSpeed": 7.031359865351513,
    "flightTime": -15.824999988079071,
    "errorRate": 0,
    "pressPressure": 44.37528139748768
  },
  "privacyMode": false
}