{
  "sampleId": 1,
  "timestamp": "2025-09-13T23:04:37.530Z",
  "features": [
    122.79999995231628,
    77.19999998807907,
    194.39999997615814,
    166.39999997615814,
    90.89999997615814,
    1076.9000000357628,
    186.19999998807907,
    147.5,
    117.80000001192093,
    105.39999997615814,
    1076.9000000357628,
    63.40000003576279,
    70.30000001192093,
    -76.59999996423721,
    -61,
    3.672420124835489,
    214.60000002384186,
    0,
    44.362668988897816,
    0,
    0,
    0,
    0,
    0,
    0,
    0,
    0,
    0,
    0,
    0,
    0,
    0,
    0,
    0
  ],
  "detailedFeatures": {
    "holdTimes": [
      122.79999995231628,
      77.19999998807907,
      194.39999997615814,
      166.39999997615814,
      90.89999997615814
    ],
    "ddTimes": [
      1076.9000000357628,
      186.19999998807907,
      147.5,
      117.80000001192093,
      105.39999997615814
    ],
    "udTimes": [
      1076.9000000357628,
      63.40000003576279,
      70.30000001192093,
      -76.59999996423721,
      -61
    ],
    "typingSpeed": 3.672420124835489,
    "flightTime": 214.60000002384186,
    "errorRate": 0,
    "pressPressure": 44.362668988897816
  },
  "privacyMode": false
}