{
  "sampleId": 0,
  "timestamp": "2025-09-13T23:04:33.948Z",
  "features": [
    81.30000001192093,
    96.29999995231628,
    158.30000001192093,
    173.5,
    117.90000003576279,
    174.20000004768372,
    156.5999999642372,
    131.10000002384186,
    100.59999996423721,
    92.90000003576279,
    60.30000001192093,
    -27.19999998807907,
    -72.90000003576279,
    7.970667941822067,
    13.275000005960464,
    0,
    35.338002212831135,
    0,
    0,
    0,
    0,
    0,
    0,
    0,
    0,
    0,
    0,
    0,
    0,
    0,
    0,
    0,
    0,
    0
  ],
  "detailedFeatures": {
    "holdTimes": [
      81.30000001192093,
      96.29999995231628,
      158.30000001192093,
      173.5,
      117.90000003576279
    ],
    "ddTimes": [
      174.20000004768372,
      156.5999999642372,
      131.10000002384186,
      100.59999996423721
    ],
    "udTimes": [
      92.90000003576279,
      60.30000001192093,
      -27.19999998807907,
      -72.90000003576279
    ],
    "typingSpeed": 7.970667941822067,
    "flightTime": 13.275000005960464,
    "errorRate": 0,
    "pressPressure": 35.338002212831135
  },
  "privacyMode": false
}