{
  "sampleId": 8,
  "timestamp": "2025-09-13T23:04:49.530Z",
  "features": [
    137.69999998807907,
    117.89999997615814,
    209.89999997615814,
    193.80000001192093,
    139.5,
    302.69999998807907,
    188.30000001192093,
    127.79999995231628,
    121,
    165,
    70.40000003576279,
    -82.10000002384186,
    -72.80000001192093,
    6.259389083999087,
    20.125,
    0,
    35.558717639821346,
    0,
    0,
    0,
    0,
    0,
    0,
    0,
    0,
    0,
    0,
    0,
    0,
    0,
    0,
    0,
    0,
    0
  ],
  "detailedFeatures": {
    "holdTimes": [
      137.69999998807907,
      117.89999997615814,
      209.89999997615814,
      193.80000001192093,
      139.5
    ],
    "ddTimes": [
      302.69999998807907,
      188.30000001192093,
      127.79999995231628,
      121
    ],
    "udTimes": [
      165,
      70.40000003576279,
      -82.10000002384186,
      -72.80000001192093
    ],
    "typingSpeed": 6.259389083999087,
    "flightTime": 20.125,
    "errorRate": 0,
    "pressPressure": 35.558717639821346
  },
  "privacyMode": false
}