{
  "sampleId": 9,
  "timestamp": "2025-09-13T23:04:51.687Z",
  "features": [
    133.20000004768372,
    102.30000001192093,
    166.60000002384186,
    147.70000004768372,
    135.10000002384186,
    177.9000000357628,
    156.39999997615814,
    110.19999998807907,
    85.10000002384186,
    44.69999998807907,
    54.09999996423721,
    -56.40000003576279,
    -62.60000002384186,
    7.300335813795666,
    -5.05000002682209,
    0,
    21.037053031058132,
    0,
    0,
    0,
    0,
    0,
    0,
    0,
    0,
    0,
    0,
    0,
    0,
    0,
    0,
    0,
    0,
    0
  ],
  "detailedFeatures": {
    "holdTimes": [
      133.20000004768372,
      102.30000001192093,
      166.60000002384186,
      147.70000004768372,
      135.10000002384186
    ],
    "ddTimes": [
      177.9000000357628,
      156.39999997615814,
      110.19999998807907,
      85.10000002384186
    ],
    "udTimes": [
      44.69999998807907,
      54.09999996423721,
      -56.40000003576279,
      -62.60000002384186
    ],
    "typingSpeed": 7.300335813795666,
    "flightTime": -5.05000002682209,
    "errorRate": 0,
    "pressPressure": 21.037053031058132
  },
  "privacyMode": false
}