{
  "sampleId": 3,
  "timestamp": "2025-09-13T23:04:40.665Z",
  "features": [
    109.10000002384186,
    127.5,
    210.89999997615814,
    193.5,
    111.09999996423721,
    149.69999998807907,
    164.80000001192093,
    128.10000002384186,
    119.69999998807907,
    40.59999996423721,
    37.30000001192093,
    -82.79999995231628,
    -73.80000001192093,
    6.648052121044745,
    -19.674999997019768,
    0,
    43.11020296393461,
    0,
    0,
    0,
    0,
    0,
    0,
    0,
    0,
    0,
    0,
    0,
    0,
    0,
    0,
    0,
    0,
    0
  ],
  "detailedFeatures": {
    "holdTimes": [
      109.10000002384186,
      127.5,
      210.89999997615814,
      193.5,
      111.09999996423721
    ],
    "ddTimes": [
      149.69999998807907,
      164.80000001192093,
      128.10000002384186,
      119.69999998807907
    ],
    "udTimes": [
      40.59999996423721,
      37.30000001192093,
      -82.79999995231628,
      -73.80000001192093
    ],
    "typingSpeed": 6.648052121044745,
    "flightTime": -19.674999997019768,
    "errorRate": 0,
    "pressPressure": 43.11020296393461
  },
  "privacyMode": false
}