{
  "sampleId": 6,
  "timestamp": "2025-09-13T23:04:45.712Z",
  "features": [
    154.10000002384186,
    118.80000001192093,
    183.5,
    182.5,
    122.10000002384186,
    185,
    162.89999997615814,
    119.10000002384186,
    124.89999997615814,
    30.899999976158142,
    44.09999996423721,
    -64.39999997615814,
    -57.60000002384186,
    6.570302233388146,
    -11.750000014901161,
    0,
    28.01056942605416,
    0,
    0,
    0,
    0,
    0,
    0,
    0,
    0,
    0,
    0,
    0,
    0,
    0,
    0,
    0,
    0,
    0
  ],
  "detailedFeatures": {
    "holdTimes": [
      154.10000002384186,
      118.80000001192093,
      183.5,
      182.5,
      122.10000002384186
    ],
    "ddTimes": [
      185,
      162.89999997615814,
      119.10000002384186,
      124.89999997615814
    ],
    "udTimes": [
      30.899999976158142,
      44.09999996423721,
      -64.39999997615814,
      -57.60000002384186
    ],
    "typingSpeed": 6.570302233388146,
    "flightTime": -11.750000014901161,
    "errorRate": 0,
    "pressPressure": 28.01056942605416
  },
  "privacyMode": false
}